{"name": "f_fx_fu_fn2", "params": {"Wu": [[0.4382308975860878, 0.02580220029691726, 0.43690471752813564, -0.3643509807810823], [-0.5901253188688065, -0.012337238533508469, -0.1102938018707115, 0.10637110093583595], [0.0844812195835873, 0.013451684762131844, -0.016944699926301262, 0.03880333871418871], [0.41602717603227873, -0.004125969993747119, -0.001563790103428625, -0.007157663377571457], [0.007292154459269373, 0.5593715718838134, 0.036888632231058746, -1.6218780727420836e-05], [0.004537281159054567, -0.047081053473280204, 0.28524853597022193, -0.058395414806890214], [1.0494696807647006, -0.002242659635465609, -0.004580310089597774, -0.020644538118670355], [0.009280106745044363, 1.3284202847916602, 0.0482147756060384, 0.02784415725687899], [0.05190889863302655, -0.1225095295255792, 0.6455409124301884, 0.12802343674373412]], "Wx": [[0.05400213139321637, 0.18239489811341444, 31.534575567049245, -0.27061927091879096, -1.309950629541284, 0.15226873887031744, 0.027552111466318384], [-0.03734995176919615, -0.012686768565076273, -7.507920727473436, -0.25895392474472895, -0.7394620881683154, 0.0870487465174296, 0.3124873281661975], [0.25063408309018953, -0.625774536970307, 29.1389044465949, -0.12159901719510792, -4.7460687012949, 0.06989986264396451, 0.010015863583706677], [0.00883330406671212, 0.008287533049421928, -0.28379738522701203, 0.018807985100131996, 0.05295615767163659, -0.004986593619601582, -0.023473715021243992], [-0.0001898828509300696, 0.0003656615488462262, -0.02740550268879125, 0.03375424354967228, 0.017261390579878917, 0.14391185038468005, 0.15844088849260093], [-0.04651471172342606, -0.013743720053932795, -0.19719833193320582, 0.020830734745176743, 0.1169782277165269, 0.04382958947465356, 0.5853602558795965], [0.01838129404615764, 0.010232954567045621, -0.37699005062144986, 0.009977166169786165, -2.516896868444961, -0.009161663690651769, -0.010710874690322262], [0.011384092611110522, 0.0037590817453249247, 0.012796790466489065, 0.05545555668272901, -0.0005051681766615674, -2.0005711273923614, 0.18910872477722182], [0.023238290241412992, 0.007707423883700481, 0.005500123741633096, 0.5704574527618135, 0.03569035159192463, 0.031630707379176094, -1.8227443821302476]], "b": [-2.842867832356292, 2.5840982592756307, -11.947365459178432, -0.34458304797132283, 0.005967668554259309, 2.070915760946026, -0.7155619300716648, -0.5301839609518878, -1.1692096379441286], "dt_sqrt": [0.7071067811865476], "heading_correction": [0.0]}}