{"name": "f_fx_fu_fn2", "params": {"Wu": [[0.6489069025964799, 0.0014354083112117512, 0.04012902781965684, -0.0207578554439208], [-0.6454051041225579, -0.005787051289621867, -0.010400319454366175, 0.02103404702260201], [0.0843130790833438, 0.01328380226797226, -0.016780202754576104, 0.03897772135255688], [0.41573094965628804, -0.004112626482666795, -0.0003066709294984641, -0.008428431010564163], [0.007153130099565688, 0.5593763688060788, 0.03747757289074857, -0.0006090814950294519], [0.019377988408926728, -0.04774432055047418, 0.22162422943127458, 0.00598939992951625], [1.0492839943487964, -0.002240269829351043, -0.004306794270975967, -0.020363074891483562], [0.004364375070889362, 1.3286352480675756, 0.06934885876966976, 0.006449352136909855], [0.03292581340728562, -0.12151033824393694, 0.7217271119515446, 0.05212211743166323]], "Wx": [[0.2896492973421891, 0.18656815664794477, 35.7442166360654, 0.057743326881771376, -2.4069170732370213, 0.022384561245248225, 0.010195301879621442], [-0.0964863051101627, -0.01222777727260777, -8.634806983784896, -0.33769044338786974, -0.44824441780491786, 0.11880669276249686, 0.31793925386360805], [0.25080656139076773, -0.62560417601336, 29.139085112169866, -0.12142356219587135, -4.7459088298955985, 0.06973072707597264, 0.01018375371054247], [0.008056619743455574, 0.008050937574224171, -0.28656022154848415, 0.017159055468940764, 0.0542025832534045, -0.004434684075480438, -0.0236031555783453], [-0.0005515338426604714, 0.0002561259004257956, -0.02867713420600633, 0.03298431522149723, 0.017841619013554706, 0.144168542047523, 0.15838140791000788], [-0.007192632251974521, -0.0016868411908723031, -0.061205022947869926, 0.10445675796622916, 0.054732045745680274, 0.01585254709438953, 0.5919853880995686], [0.018662784867246752, 0.010514379832996001, -0.3767088814538766, 0.010254531925817762, -2.5168946926982607, -0.009359199718857174, -0.01065444219083245], [-0.0016767720361337462, -0.0002539919398245559, -0.0319129016567449, 0.02764713721722309, 0.02006747566034046, -1.991272098794608, 0.1869025948923674], [-0.023728979223367967, -0.005988410761544597, -0.1918122576720604, 0.4724441775642371, 0.11742116482126633, 0.06462313626548144, -1.8300755080017632]], "b": [-13.62719286014569, 5.293016564885779, -11.9473323942303, -0.30950948359272346, 0.022361996097060653, 0.2955598176396641, -0.7152804488676703, 0.059558990531248274, 0.9526096582599304], "dt_sqrt": [0.7071067811865476], "heading_correction": [0.0]}}